"RelativePath","Length","LastWrite","SHA256"
".gitignore","358","2025-10-16 19:01:40Z","59E2E25694FF1F29E07889FAE765605473A68617F7AB08590C526FCA8823DB41"
".ipynb_checkpoints\params-checkpoint.yaml","1580","2025-10-10 00:32:10Z","CB8CA756D6A46DFFC2FA416AA68C12EDF8016FD2553177034AA64A604ABD73F3"
".ipynb_checkpoints\run_scenarios-checkpoint.py","15801","2025-10-14 23:09:00Z","FA2D046368F10F15AE0380C5D978DA4AC6336AC866BFE690A265D54BCC6834B5"
".ipynb_checkpoints\Untitled-checkpoint.ipynb","2254","2025-10-14 23:04:33Z","E43C345F6534BBC82A7BB0A1EB9A77AC9073D9548D7541AC6E56C3B63848FB36"
".pytest_cache\.gitignore","39","2025-10-16 19:41:28Z","E7C6BB30148CF667606DCD63E7CA77ACAA3CFB0C8303BF09E6419E1E1669DC6D"
".pytest_cache\CACHEDIR.TAG","191","2025-10-16 19:41:28Z","37DC88EF9A0ABEDDBE81053A6DD8FDFB13AFB613045EA1EB4A5C815A74A3BDE4"
".pytest_cache\README.md","310","2025-10-16 19:41:28Z","420E808D79A6C25D3CDA0AF33BC4782314A14949866682C68CE8149E89B66B70"
".pytest_cache\v\cache\nodeids","835","2025-10-16 21:39:24Z","8605CC94D7BE88549E52B546B76452D25AD360FA603C475BDE4B7AD29DFA3F06"
"__pycache__\run_scenarios.cpython-311.pyc","29014","2025-10-16 19:41:15Z","F0AF150E9450FE614EB823B1E37A7FEF98D4593B3394A373AFAC350630409802"
"_audit_all_files_on_disk.txt","25276","2025-10-16 18:44:24Z","E08E935D63316F3A27444327938EE8D16339AEA90A575D9312458AC74D99D589"
"_audit_ignored_preview.txt","612","2025-10-16 18:44:25Z","DD3FC37CCB15B405F3FE5D2E58A85AA4F10325662A4FE684C800A1399301925E"
"_audit_local_tracked.txt","1242","2025-10-16 18:44:24Z","328BACA2E2C03B01110579B43ED6760CAA614B7879B09811D92091C04ECA04AC"
"_audit_remote_tracked.txt","1242","2025-10-16 18:44:24Z","328BACA2E2C03B01110579B43ED6760CAA614B7879B09811D92091C04ECA04AC"
"_audit_untracked_not_ignored.txt","0","2025-10-16 18:44:24Z","E3B0C44298FC1C149AFBF4C8996FB92427AE41E4649B934CA495991B7852B855"
"archive_2025-10-08\10","0","2025-09-29 10:33:28Z","E3B0C44298FC1C149AFBF4C8996FB92427AE41E4649B934CA495991B7852B855"
"archive_2025-10-08\auditlog.txt","690","2025-10-07 13:00:46Z","D07168C6E277ED609515251BD963D562C95C191D0E20C401A915D086A217843E"
"archive_2025-10-08\mp.globals.phi_M)","0","2025-09-29 10:33:28Z","E3B0C44298FC1C149AFBF4C8996FB92427AE41E4649B934CA495991B7852B855"
"archive_2025-10-08\runlog.txt","529","2025-10-07 13:00:38Z","B835CFAFBF3C02BA8921C076DE1D580B1C38294682B29D4063026B7A1A034DC0"
"audit_phase1.py","10752","2025-10-12 01:13:22Z","EAE08EE9C5CCBDB4142699094CA68CC1BF7F87DA74E69D60EF183BBA8BE73CD5"
"companion_phase1.tex","47920","2025-10-15 02:39:29Z","78D258E0EF485F949563E7C0CADFC4B67CC3B1DF3ABF210F9A614CCB50329482"
"docs\companion_phase1_v1.0.pdf","431547","2025-10-13 17:29:08Z","97A96BF8413F314A6EF6288A34D2F5222DF898F19F6CDE09103DADB81EE13E56"
"environment.yml","8540","2025-10-16 18:50:53Z","62271A186A679A2175957A29E005FF0EDB2C4672FBB62300CA5C3A9FE0F4DC42"
"experiments\__init__.py","62","2025-09-29 01:59:32Z","2F59B977DA8F64530FFCB48815FE420B886AE2B8B46602AB8C565C4725C9A6B2"
"experiments\__pycache__\__init__.cpython-311.pyc","233","2025-10-16 19:41:16Z","518A2827E428ACC6C638919AE9155DDC39A87D3A616492A79ED5EAF3E2FBF127"
"experiments\__pycache__\__init__.cpython-313.pyc","222","2025-10-15 04:51:08Z","D59C157E1C276D6B5B1E81CEAA99C93533B55FA422D721971063678A8D8A790B"
"experiments\__pycache__\runner.cpython-311.pyc","6465","2025-10-16 19:41:16Z","C0140B2E2AA2406010E5E3557C019C88C22F653578A536F0475F179993398C24"
"experiments\__pycache__\runner.cpython-313.pyc","5661","2025-10-15 04:51:08Z","5A68F83633B52DD909C23B76189347DEED8CC889745B3C78357816D15CD4A833"
"experiments\__pycache__\shocks.cpython-311.pyc","15142","2025-10-16 19:41:21Z","8DBA0044F2613190E3ABA158FAAE7FF7447F852ED8900D2C9761AD74BA3AD65F"
"experiments\__pycache__\shocks.cpython-313.pyc","13557","2025-10-15 04:51:09Z","E993CEB34C06FE5E9049F2EED41F2C4284EFDD4CC37A93C7857F8060DCE09594"
"experiments\runner.py","5176","2025-10-10 01:33:01Z","3140E555D5DCD8C1C0A4A5993491869A094AE15FEE28C32F82438A0E9F933ECB"
"experiments\shocks.py","11611","2025-10-10 01:36:38Z","A52EA60B7727CF9EDD88AF2E074837E89DE5A2D90362E6141920944FA9B33A47"
"figures\fig_capital_dilution_fertility_gap_L__KL_gap_closed__KL_gap_open_mu_only__KL_gap_open_tauH_only__open_migration_defaults__symmetric_baseline_closed.png","58342","2025-10-16 21:46:22Z","DCDA3976A0CFB4C642DA1C1B06BF570F70EB77BCC21EDCB8E7AA9FF60B2AC290"
"figures\fig_capital_dilution_nD_up.png","58342","2025-10-16 21:46:22Z","DCDA3976A0CFB4C642DA1C1B06BF570F70EB77BCC21EDCB8E7AA9FF60B2AC290"
"figures\fig_capital_dilution_nL_up.png","58123","2025-10-16 21:46:23Z","D1D2BDDC90CF6EB2CE6410A9F220527E5B3CA10320307C455E686BF15EAEB6F1"
"figures\fig_emissions_ratio_abatement_up.png","72754","2025-10-16 21:46:23Z","5A0F40C7AA1D726410F901F094DD9232BF84822393FD7ACCE91BB353033BF374"
"figures\fig_emissions_ratio_ease_migration.png","66722","2025-10-16 21:46:24Z","96AC552535D9D3D92ACDDEEF576B6F09A20EC9B6BF8CD6AAD6A31970F5EBA88D"
"figures\fig_emissions_ratio_ease_migration_strong.png","67806","2025-10-16 21:46:25Z","B00C98C6975AC79B2EE4FFDA969531A2CC24465BCA626AF1CC57BBB485B94FFD"
"figures\fig_emissions_ratio_fertility_gap_L__KL_gap_closed__KL_gap_open_mu_only__KL_gap_open_tauH_only__open_migration_defaults__symmetric_baseline_closed.png","69367","2025-10-16 21:46:23Z","E172C1982562022801CA67B2BAC2E7C665334248DDF30E34A32FF8CF792A22BF"
"figures\fig_emissions_ratio_nD_up.png","69367","2025-10-16 21:46:23Z","E172C1982562022801CA67B2BAC2E7C665334248DDF30E34A32FF8CF792A22BF"
"figures\fig_emissions_ratio_nL_up.png","69100","2025-10-16 21:46:23Z","809F4971AD52231C6AD13188C90D5AFF188989888D878BFE3E0CEE5B2F18B570"
"figures\fig_migration_diagnostics_ease_migration.png","84139","2025-10-16 21:46:24Z","AD1DF449777B1074FE42312BF89FC6C87698BEC6816448BC24BD468186708FE2"
"figures\fig_migration_diagnostics_ease_migration_strong.png","85179","2025-10-16 21:46:25Z","B00EE2B65354F0DC76BE6E76B90A83B285F82EA9D6C5F358449E2279FBDDAE52"
"figures\fig_migration_diagnostics_fertility_gap_L__KL_gap_closed__KL_gap_open_mu_only__KL_gap_open_tauH_only__open_migration_defaults__symmetric_baseline_closed.png","92038","2025-10-16 21:46:26Z","63345FAB36BB521FB8CDC0C0CC4E8858AEFD6EF99E512E4E95DAAAF64A0EE8B3"
"figures\fig_wage_ratio_fertility_gap_L__KL_gap_closed__KL_gap_open_mu_only__KL_gap_open_tauH_only__open_migration_defaults__symmetric_baseline_closed.png","18418","2025-10-16 21:46:25Z","A1BAADB12E11E89D81065BD2141B335C086FC22DC934035AB1C1FA3851F4B0CB"
"make_all_figures.py","12172","2025-10-14 21:46:08Z","237B3CCD5E1F06458D4DC463A1BAC5BF79851E0694295BBF089392853DC7B926"
"model\__init__.py","111","2025-09-29 01:59:32Z","ACD2CA95D05A30CBC6F1502E5ED8705C3C5D27379C842B9C58B9EC06CC200958"
"model\__pycache__\__init__.cpython-311.pyc","287","2025-10-16 19:41:15Z","1BE1AA0814BC4E9211FDF1324CBDD28995AECD92E7BA8DFAB8FCBC97EB24A3EB"
"model\__pycache__\__init__.cpython-313.pyc","270","2025-10-15 04:51:08Z","1F9CC0452964BEE0142C714AC1836D167BEDFCDFAEACEC785A763843A300C509"
"model\__pycache__\checks.cpython-311.pyc","20559","2025-10-16 19:41:21Z","D325ED6FEE65DC3054C380911E5543953C82687982AFC9106FAE11C6BBAAAECA"
"model\__pycache__\checks.cpython-313.pyc","19987","2025-10-15 04:51:08Z","7ECB9D8A78169A476A623AEB8000A018435B4EBF23AE4400CE44632D0F4641A2"
"model\__pycache__\params.cpython-311.pyc","31622","2025-10-16 19:41:15Z","A3D674542460EE295445158467BC701F74ACA8A81B5CA35567AC0061FC14B056"
"model\__pycache__\params.cpython-313.pyc","28564","2025-10-15 04:51:08Z","089A3DFA2FEC826EAA5E64BC23653F77D8B2B922C2FD6DDE68AC1FBEE3C0F491"
"model\__pycache__\rules.cpython-311.pyc","14593","2025-10-16 19:41:21Z","896727EE62EA8B2643CEE09928CF330DEC8EC8CD2D60B4B5EDDFE31AC49290C6"
"model\__pycache__\rules.cpython-313.pyc","13335","2025-10-15 04:51:08Z","35D83E0CBA51C73574E5BD6E9AA1F5DF898EA54CBC30E8D35410304D09AB0811"
"model\__pycache__\simulate.cpython-311.pyc","14458","2025-10-16 19:41:21Z","14E75524D9FC1FB3D8E44FEB9CB1740988CE5819415F1EBAFCD00F120B5E16A0"
"model\__pycache__\simulate.cpython-313.pyc","12859","2025-10-15 04:51:08Z","11A8A868B0766BCAFFBDF6A6F9FCBE29DA0ABAC1C98E7BAC1ACBF5F88C17335E"
"model\__pycache__\solow.cpython-311.pyc","8516","2025-10-16 19:41:21Z","B4C4E2C1BB924A8800070C2A15828DAC7EB60D392CFD24DD63A7C235AD9088EA"
"model\__pycache__\solow.cpython-313.pyc","7619","2025-10-15 04:51:09Z","CE7C3A56B27B536E51D0A11793EB9C1294FD3B665D0542D0F0D1EBB338F75B40"
"model\checks.py","11409","2025-10-10 00:32:11Z","E3D1F35592CC6CA4EC52A4F321CE97B46D2769AF8D660AB57FD4EC22F33481AC"
"model\params.py","20659","2025-10-14 21:46:08Z","B2456AB38FA76E46C30D4116CD4F5DF13EBC8C65C1027FB01C8ED8320F2FDB7C"
"model\rules.py","10623","2025-10-10 00:32:10Z","BD9F07D7ADAE18A71520E1B06C0A3CCB3E18F12B2ED91AA18B9E7095A1DCF2BD"
"model\simulate.py","9921","2025-10-10 00:32:10Z","D95B2AF7801427F06FCE3ED168EE685A5019030C3E64F46DAE281BDEEC6044E6"
"model\solow.py","7103","2025-10-12 00:55:53Z","1B082372E785AFC14D35FD1199A07FA0D43140BB6FE46D7C3E83509F83770B7A"
"notebooks\TRUE-WORK.ipynb","7668","2025-10-07 23:26:25Z","30602B464A68B5735782BD7290BCDFCE007A54D05E858F5451163B478788C089"
"params.yaml","1580","2025-10-10 00:32:10Z","CB8CA756D6A46DFFC2FA416AA68C12EDF8016FD2553177034AA64A604ABD73F3"
"phase1_artifact_pack.zip","876379","2025-10-13 16:18:32Z","4A334CDA53EFE6D3A2B3E6CE02777B153677D41F0DF6A26D8D285EBBC1DACE94"
"prof_pack_FINAL_20251015T0356Z\2025-10-15T0230Z_KL_gap_closed\figures\fig_capital_dilution_KL_gap_closed.png","59475","2025-10-15 02:30:36Z","B7D0B40B22FEB58C6378EEC39E6C4188165361125F654A5B070019B7015AA41C"
"prof_pack_FINAL_20251015T0356Z\2025-10-15T0230Z_KL_gap_closed\figures\fig_emissions_ratio_KL_gap_closed.png","74352","2025-10-15 02:30:37Z","9D76F4754FCE36B10A6FDB3B2DC866D94ABC6B75261B36AAE5F0303BE637FA75"
"prof_pack_FINAL_20251015T0356Z\2025-10-15T0230Z_KL_gap_closed\figures\fig_wage_ratio_KL_gap_closed.png","30469","2025-10-15 02:30:45Z","D7EE62A2BE6B5240696C587E1EDAFC8CBFFA756ECB42D4BA4F181E11BE25A707"
"prof_pack_FINAL_20251015T0356Z\2025-10-15T0230Z_KL_gap_closed\results\cs_table.csv","516","2025-10-15 02:30:47Z","8FE2FEE01847F060C218635EE8D56FBF62E24475DD491CB17E5D6CB21CC86982"
"prof_pack_FINAL_20251015T0356Z\2025-10-15T0230Z_KL_gap_closed\results\run_summary.txt","874","2025-10-15 02:30:47Z","B6EDBB756D1D2A7C4C19D30029C85B85E20A5582FD15DA2E24B9FFC90E06F7DC"
"prof_pack_FINAL_20251015T0356Z\2025-10-15T0230Z_symmetric_baseline_closed\figures\fig_capital_dilution_symmetric_baseline_closed.png","62344","2025-10-15 02:30:24Z","77888A1387634145AAA4CAFDCEB2F9F8F4279252289713FDF9E6A825B4CCE027"
"prof_pack_FINAL_20251015T0356Z\2025-10-15T0230Z_symmetric_baseline_closed\figures\fig_emissions_ratio_symmetric_baseline_closed.png","74453","2025-10-15 02:30:24Z","6825FA28AEAD0DDAAED5351C5A8FA3EF3910037F1BB50FE1B484DDBAE07CEED3"
"prof_pack_FINAL_20251015T0356Z\2025-10-15T0230Z_symmetric_baseline_closed\figures\fig_wage_ratio_symmetric_baseline_closed.png","20753","2025-10-15 02:30:32Z","4F1B705DC32FD5A16109EF137CE5B8960DA357CB43DC4751716C5A6825FC609F"
"prof_pack_FINAL_20251015T0356Z\2025-10-15T0230Z_symmetric_baseline_closed\results\cs_table.csv","519","2025-10-15 02:30:33Z","E6F5B7C154700CBD563CAB8597939C390044F487A3EB051659BC0DC33CEC2414"
"prof_pack_FINAL_20251015T0356Z\2025-10-15T0230Z_symmetric_baseline_closed\results\run_summary.txt","896","2025-10-15 02:30:34Z","E234E48A060F04C705B9B7BEB676EB71508B26CF54BCF844E17EC506B80B5B6F"
"prof_pack_FINAL_20251015T0356Z\2025-10-15T0231Z_KL_gap_closed__open_migration_defaults__KL_gap_open_tauH_only\figures\fig_capital_dilution_KL_gap_closed__open_migration_defaults__KL_gap_open_tauH_only.png","64219","2025-10-15 02:31:03Z","55A2C9A95392E979B4E52F922F19000A99FC2782D5D5B2B05D0BC21100D2BAFE"
"prof_pack_FINAL_20251015T0356Z\2025-10-15T0231Z_KL_gap_closed__open_migration_defaults__KL_gap_open_tauH_only\figures\fig_emissions_ratio_KL_gap_closed__open_migration_defaults__KL_gap_open_tauH_only.png","74993","2025-10-15 02:31:03Z","D9A552C686058767756A06D8E1C19F83DB681051CB13032A446B3CBA08D5A9C6"
"prof_pack_FINAL_20251015T0356Z\2025-10-15T0231Z_KL_gap_closed__open_migration_defaults__KL_gap_open_tauH_only\figures\fig_migration_diagnostics_KL_gap_closed__open_migration_defaults__KL_gap_open_tauH_only.png","132072","2025-10-15 02:31:12Z","915FE9BE6427CFF7B098006CC0B2667832615B8E71E05D29425417E8AB990582"
"prof_pack_FINAL_20251015T0356Z\2025-10-15T0231Z_KL_gap_closed__open_migration_defaults__KL_gap_open_tauH_only\figures\fig_wage_ratio_KL_gap_closed__open_migration_defaults__KL_gap_open_tauH_only.png","27463","2025-10-15 02:31:10Z","01B1F93352AC5BF7D5ABEA5AD47B8E696BDC7557AF34BD49B21446DDFA076D52"
"prof_pack_FINAL_20251015T0356Z\2025-10-15T0231Z_KL_gap_closed__open_migration_defaults__KL_gap_open_tauH_only\results\cs_table.csv","679","2025-10-15 02:31:12Z","99FE8E49444D4DAD47FA4D14910E313ACB7EEFA6CFD4672B575C944F6FD8F645"
"prof_pack_FINAL_20251015T0356Z\2025-10-15T0231Z_KL_gap_closed__open_migration_defaults__KL_gap_open_tauH_only\results\run_summary.txt","1216","2025-10-15 02:31:12Z","E343AC0F568832E4AF12A888B43EBB28AC066F33AFB9EF8E7255E75EDC924E2B"
"prof_pack_FINAL_20251015T0356Z\2025-10-15T0330Z_KL_gap_closed__open_migration_defaults__KL_gap_open_mu_only\figures\fig_capital_dilution_KL_gap_closed__open_migration_defaults__KL_gap_open_mu_only.png","63084","2025-10-15 03:30:18Z","31BA6F724923EC8536DE17B14829EA22A58AF524E34D0628DA3B32FCF1BA1367"
"prof_pack_FINAL_20251015T0356Z\2025-10-15T0330Z_KL_gap_closed__open_migration_defaults__KL_gap_open_mu_only\figures\fig_emissions_ratio_KL_gap_closed__open_migration_defaults__KL_gap_open_mu_only.png","82551","2025-10-15 03:30:18Z","6EF74F6ABB37F815D334FF129FBFDAEA773B31B46759EF5643EA753F99BB4D6F"
"prof_pack_FINAL_20251015T0356Z\2025-10-15T0330Z_KL_gap_closed__open_migration_defaults__KL_gap_open_mu_only\figures\fig_migration_diagnostics_KL_gap_closed__open_migration_defaults__KL_gap_open_mu_only.png","136357","2025-10-15 03:30:26Z","954A82B8B86DA7167FE96D7A852AC3E943B5758646634872299A9E5B91716B80"
"prof_pack_FINAL_20251015T0356Z\2025-10-15T0330Z_KL_gap_closed__open_migration_defaults__KL_gap_open_mu_only\figures\fig_wage_ratio_KL_gap_closed__open_migration_defaults__KL_gap_open_mu_only.png","32009","2025-10-15 03:30:24Z","99D1F5C8DA4B5ADB944230445FEF85F13F70BCB4DCF8A60747DE51E723B15E7D"
"prof_pack_FINAL_20251015T0356Z\2025-10-15T0330Z_KL_gap_closed__open_migration_defaults__KL_gap_open_mu_only\results\cs_table.csv","676","2025-10-15 03:30:26Z","C78162221E4977D322FCE339E5ADDB078AEBFBABDF82036C0DBA25E168243470"
"prof_pack_FINAL_20251015T0356Z\2025-10-15T0330Z_KL_gap_closed__open_migration_defaults__KL_gap_open_mu_only\results\run_summary.txt","1200","2025-10-15 03:30:27Z","D862C8E939F313BC8A9BE9C9DAFC1AC3760A38534FF91F1301B4D44106034150"
"prof_pack_FULL_20251015T0404Z\2025-10-15T0230Z_KL_gap_closed\figures\fig_ambiguity_eta-0.30.png","39849","2025-10-15 02:30:45Z","C976CC0E9EDF9B06AC042DB8CC237DE104169BCCE49AA5BACDB96AA7D10A8CBC"
"prof_pack_FULL_20251015T0404Z\2025-10-15T0230Z_KL_gap_closed\figures\fig_capital_dilution_ease_migration.png","59112","2025-10-15 02:30:38Z","E9F60DA2F9992AC964DCFEF89008AE22915C3BACD74D1238B4449415D0771D45"
"prof_pack_FULL_20251015T0404Z\2025-10-15T0230Z_KL_gap_closed\figures\fig_capital_dilution_ease_migration_strong.png","60515","2025-10-15 02:30:42Z","9A45605DFFC4FE72B1566F602C5A53E122DD41CDFAADC9FED3EC41E35E6382CC"
"prof_pack_FULL_20251015T0404Z\2025-10-15T0230Z_KL_gap_closed\figures\fig_capital_dilution_KL_gap_closed.png","59475","2025-10-15 02:30:36Z","B7D0B40B22FEB58C6378EEC39E6C4188165361125F654A5B070019B7015AA41C"
"prof_pack_FULL_20251015T0404Z\2025-10-15T0230Z_KL_gap_closed\figures\fig_capital_dilution_nD_up.png","59475","2025-10-15 02:30:36Z","B7D0B40B22FEB58C6378EEC39E6C4188165361125F654A5B070019B7015AA41C"
"prof_pack_FULL_20251015T0404Z\2025-10-15T0230Z_KL_gap_closed\figures\fig_capital_dilution_nL_up.png","59212","2025-10-15 02:30:37Z","93B7BC6EA61386A70BB79E263C1A9A6DAA3BE136236388FD276B70CF1DD0438A"
"prof_pack_FULL_20251015T0404Z\2025-10-15T0230Z_KL_gap_closed\figures\fig_emissions_ratio_abatement_up.png","77976","2025-10-15 02:30:38Z","BA68F09B61A0FE84C44EAD3FBC597A810339C73F5DCB2340CF11FFE5359C8E32"
"prof_pack_FULL_20251015T0404Z\2025-10-15T0230Z_KL_gap_closed\figures\fig_emissions_ratio_ease_migration.png","71402","2025-10-15 02:30:39Z","0F3C560CB587BE6922C99829AB6CAE92EDA69F303C412BE8C8927FF5DFEA332F"
"prof_pack_FULL_20251015T0404Z\2025-10-15T0230Z_KL_gap_closed\figures\fig_emissions_ratio_ease_migration_strong.png","72836","2025-10-15 02:30:43Z","A441CEA2B28AD419C66348BE85C42F321621D2FA9435D0AB1D153BD995EE8312"
"prof_pack_FULL_20251015T0404Z\2025-10-15T0230Z_KL_gap_closed\figures\fig_emissions_ratio_KL_gap_closed.png","74352","2025-10-15 02:30:37Z","9D76F4754FCE36B10A6FDB3B2DC866D94ABC6B75261B36AAE5F0303BE637FA75"
"prof_pack_FULL_20251015T0404Z\2025-10-15T0230Z_KL_gap_closed\figures\fig_emissions_ratio_nD_up.png","74352","2025-10-15 02:30:37Z","9D76F4754FCE36B10A6FDB3B2DC866D94ABC6B75261B36AAE5F0303BE637FA75"
"prof_pack_FULL_20251015T0404Z\2025-10-15T0230Z_KL_gap_closed\figures\fig_emissions_ratio_nL_up.png","73948","2025-10-15 02:30:37Z","2A234793F324B309268FE1ED462EBD3DA63AE1844B8D5A8FDB2CD5A120F3D766"
"prof_pack_FULL_20251015T0404Z\2025-10-15T0230Z_KL_gap_closed\figures\fig_migration_diagnostics_ease_migration.png","105212","2025-10-15 02:30:41Z","12DDAC202F1695BF35452796AB099A19D8836044161BC282B94AA1C85BC38341"
"prof_pack_FULL_20251015T0404Z\2025-10-15T0230Z_KL_gap_closed\figures\fig_migration_diagnostics_ease_migration_strong.png","106495","2025-10-15 02:30:44Z","7FF05DA08C7236351B299BEFF1B8F3A5C99E379FD1D2A30B0AD93DB6D5EDAED4"
"prof_pack_FULL_20251015T0404Z\2025-10-15T0230Z_KL_gap_closed\figures\fig_migration_diagnostics_KL_gap_closed.png","105630","2025-10-15 02:30:47Z","072453AC0C2668C575F84F8CAAA3FEF07DC57CDEAA35DE23F1EC102B0616E8DF"
"prof_pack_FULL_20251015T0404Z\2025-10-15T0230Z_KL_gap_closed\figures\fig_wage_ratio_KL_gap_closed.png","30469","2025-10-15 02:30:45Z","D7EE62A2BE6B5240696C587E1EDAFC8CBFFA756ECB42D4BA4F181E11BE25A707"
"prof_pack_FULL_20251015T0404Z\2025-10-15T0230Z_KL_gap_closed\results\cs_table.csv","516","2025-10-15 02:30:47Z","8FE2FEE01847F060C218635EE8D56FBF62E24475DD491CB17E5D6CB21CC86982"
"prof_pack_FULL_20251015T0404Z\2025-10-15T0230Z_KL_gap_closed\results\run_summary.txt","874","2025-10-15 02:30:47Z","B6EDBB756D1D2A7C4C19D30029C85B85E20A5582FD15DA2E24B9FFC90E06F7DC"
"prof_pack_FULL_20251015T0404Z\2025-10-15T0230Z_symmetric_baseline_closed\figures\fig_ambiguity_eta-0.30.png","39849","2025-10-15 02:30:32Z","C976CC0E9EDF9B06AC042DB8CC237DE104169BCCE49AA5BACDB96AA7D10A8CBC"
"prof_pack_FULL_20251015T0404Z\2025-10-15T0230Z_symmetric_baseline_closed\figures\fig_capital_dilution_ease_migration.png","61669","2025-10-15 02:30:26Z","1025D927141CB5FDE30E46463E723F9D26065656C47941ECF3062A03DDFE1933"
"prof_pack_FULL_20251015T0404Z\2025-10-15T0230Z_symmetric_baseline_closed\figures\fig_capital_dilution_ease_migration_strong.png","63085","2025-10-15 02:30:29Z","77C2B1C14BA053BD473DBF305FFA960B32596EE4A2748C4D5B6C1E0F168C8ECE"
"prof_pack_FULL_20251015T0404Z\2025-10-15T0230Z_symmetric_baseline_closed\figures\fig_capital_dilution_nD_up.png","62344","2025-10-15 02:30:24Z","77888A1387634145AAA4CAFDCEB2F9F8F4279252289713FDF9E6A825B4CCE027"
"prof_pack_FULL_20251015T0404Z\2025-10-15T0230Z_symmetric_baseline_closed\figures\fig_capital_dilution_nL_up.png","62063","2025-10-15 02:30:24Z","3C74401B796AA994088F7DD3B3DC1C280008A0E82FCDDCDC28831C446E481DE8"
"prof_pack_FULL_20251015T0404Z\2025-10-15T0230Z_symmetric_baseline_closed\figures\fig_capital_dilution_symmetric_baseline_closed.png","62344","2025-10-15 02:30:24Z","77888A1387634145AAA4CAFDCEB2F9F8F4279252289713FDF9E6A825B4CCE027"
"prof_pack_FULL_20251015T0404Z\2025-10-15T0230Z_symmetric_baseline_closed\figures\fig_emissions_ratio_abatement_up.png","77939","2025-10-15 02:30:25Z","EB7F4840B94782F617DEC7F7E2746895F78FFE22E6662A3507E77B620162435C"
"prof_pack_FULL_20251015T0404Z\2025-10-15T0230Z_symmetric_baseline_closed\figures\fig_emissions_ratio_ease_migration.png","71407","2025-10-15 02:30:27Z","E6B3175E8A74395B296176C47B435D17DE54951BA9F3224F5C8DCA8B953145B9"
"prof_pack_FULL_20251015T0404Z\2025-10-15T0230Z_symmetric_baseline_closed\figures\fig_emissions_ratio_ease_migration_strong.png","72853","2025-10-15 02:30:30Z","40A4B152542BFB7382EA864AF7002A79C4E04BB0272F3F5F84E0FA5DA6230650"
"prof_pack_FULL_20251015T0404Z\2025-10-15T0230Z_symmetric_baseline_closed\figures\fig_emissions_ratio_nD_up.png","74453","2025-10-15 02:30:24Z","6825FA28AEAD0DDAAED5351C5A8FA3EF3910037F1BB50FE1B484DDBAE07CEED3"
"prof_pack_FULL_20251015T0404Z\2025-10-15T0230Z_symmetric_baseline_closed\figures\fig_emissions_ratio_nL_up.png","74075","2025-10-15 02:30:25Z","B824ECDAB747ED5652D8A9C8D1C37BEB1074D652736ACA7C109EC72297D85C9A"
"prof_pack_FULL_20251015T0404Z\2025-10-15T0230Z_symmetric_baseline_closed\figures\fig_emissions_ratio_symmetric_baseline_closed.png","74453","2025-10-15 02:30:24Z","6825FA28AEAD0DDAAED5351C5A8FA3EF3910037F1BB50FE1B484DDBAE07CEED3"
"prof_pack_FULL_20251015T0404Z\2025-10-15T0230Z_symmetric_baseline_closed\figures\fig_migration_diagnostics_ease_migration.png","91301","2025-10-15 02:30:28Z","05B7A68762953CC33014B8C24732518D35084A98090AE5388CC3E2392A3CAFCE"
"prof_pack_FULL_20251015T0404Z\2025-10-15T0230Z_symmetric_baseline_closed\figures\fig_migration_diagnostics_ease_migration_strong.png","92582","2025-10-15 02:30:31Z","25C8F2931F34971789C87D69A9C5F0256940322BE243AA80E48F99942B94460C"
"prof_pack_FULL_20251015T0404Z\2025-10-15T0230Z_symmetric_baseline_closed\figures\fig_migration_diagnostics_symmetric_baseline_closed.png","94021","2025-10-15 02:30:33Z","6B27999875D6225DC130685627B2186B072FCF32DCC60E8A715F28F14B3AD590"
"prof_pack_FULL_20251015T0404Z\2025-10-15T0230Z_symmetric_baseline_closed\figures\fig_wage_ratio_symmetric_baseline_closed.png","20753","2025-10-15 02:30:32Z","4F1B705DC32FD5A16109EF137CE5B8960DA357CB43DC4751716C5A6825FC609F"
"prof_pack_FULL_20251015T0404Z\2025-10-15T0230Z_symmetric_baseline_closed\results\cs_table.csv","519","2025-10-15 02:30:33Z","E6F5B7C154700CBD563CAB8597939C390044F487A3EB051659BC0DC33CEC2414"
"prof_pack_FULL_20251015T0404Z\2025-10-15T0230Z_symmetric_baseline_closed\results\run_summary.txt","896","2025-10-15 02:30:34Z","E234E48A060F04C705B9B7BEB676EB71508B26CF54BCF844E17EC506B80B5B6F"
"prof_pack_FULL_20251015T0404Z\2025-10-15T0231Z_KL_gap_closed__open_migration_defaults__KL_gap_open_tauH_only\figures\fig_ambiguity_eta-0.30.png","39849","2025-10-15 02:31:10Z","C976CC0E9EDF9B06AC042DB8CC237DE104169BCCE49AA5BACDB96AA7D10A8CBC"
"prof_pack_FULL_20251015T0404Z\2025-10-15T0231Z_KL_gap_closed__open_migration_defaults__KL_gap_open_tauH_only\figures\fig_capital_dilution_ease_migration.png","60746","2025-10-15 02:31:04Z","00BDBD2D85939675D7DDF598A10E47587A31807352C8509A6DBA2F5F18DCDDE6"
"prof_pack_FULL_20251015T0404Z\2025-10-15T0231Z_KL_gap_closed__open_migration_defaults__KL_gap_open_tauH_only\figures\fig_capital_dilution_ease_migration_strong.png","62604","2025-10-15 02:31:07Z","D8FB3E401550BFED5C7C675C349C80A91C833EA587F40C94A06B4BCD8C2CF2B2"
"prof_pack_FULL_20251015T0404Z\2025-10-15T0231Z_KL_gap_closed__open_migration_defaults__KL_gap_open_tauH_only\figures\fig_capital_dilution_KL_gap_closed__open_migration_defaults__KL_gap_open_tauH_only.png","64219","2025-10-15 02:31:03Z","55A2C9A95392E979B4E52F922F19000A99FC2782D5D5B2B05D0BC21100D2BAFE"
"prof_pack_FULL_20251015T0404Z\2025-10-15T0231Z_KL_gap_closed__open_migration_defaults__KL_gap_open_tauH_only\figures\fig_capital_dilution_nD_up.png","64219","2025-10-15 02:31:03Z","55A2C9A95392E979B4E52F922F19000A99FC2782D5D5B2B05D0BC21100D2BAFE"
"prof_pack_FULL_20251015T0404Z\2025-10-15T0231Z_KL_gap_closed__open_migration_defaults__KL_gap_open_tauH_only\figures\fig_capital_dilution_nL_up.png","64846","2025-10-15 02:31:03Z","6BBFFF9DCA322AAE34486031AEDAC90FEFC41EDFC64D79C640D7596610B8204B"
"prof_pack_FULL_20251015T0404Z\2025-10-15T0231Z_KL_gap_closed__open_migration_defaults__KL_gap_open_tauH_only\figures\fig_emissions_ratio_abatement_up.png","78095","2025-10-15 02:31:04Z","5B977B620ED2BC759DC1434F59B79956254F46A2EF0A8D880E04E53D300A8870"
"prof_pack_FULL_20251015T0404Z\2025-10-15T0231Z_KL_gap_closed__open_migration_defaults__KL_gap_open_tauH_only\figures\fig_emissions_ratio_ease_migration.png","72696","2025-10-15 02:31:05Z","B69CF2B9C2C93F09C8D3CFA5C211FA746831652CD8C044E6D57A5C449D94F9FD"
"prof_pack_FULL_20251015T0404Z\2025-10-15T0231Z_KL_gap_closed__open_migration_defaults__KL_gap_open_tauH_only\figures\fig_emissions_ratio_ease_migration_strong.png","74161","2025-10-15 02:31:08Z","778E8CC2B2948A91F576A83850BD3BFD4BAEE24CF17397A468753925E18A4180"
"prof_pack_FULL_20251015T0404Z\2025-10-15T0231Z_KL_gap_closed__open_migration_defaults__KL_gap_open_tauH_only\figures\fig_emissions_ratio_KL_gap_closed__open_migration_defaults__KL_gap_open_tauH_only.png","74993","2025-10-15 02:31:03Z","D9A552C686058767756A06D8E1C19F83DB681051CB13032A446B3CBA08D5A9C6"
"prof_pack_FULL_20251015T0404Z\2025-10-15T0231Z_KL_gap_closed__open_migration_defaults__KL_gap_open_tauH_only\figures\fig_emissions_ratio_nD_up.png","74993","2025-10-15 02:31:03Z","D9A552C686058767756A06D8E1C19F83DB681051CB13032A446B3CBA08D5A9C6"
"prof_pack_FULL_20251015T0404Z\2025-10-15T0231Z_KL_gap_closed__open_migration_defaults__KL_gap_open_tauH_only\figures\fig_emissions_ratio_nL_up.png","77484","2025-10-15 02:31:03Z","242FB383CBE289ED3FE5DB81DA571DEE3464AC1C83ACA0014344EBB800DB4B8F"
"prof_pack_FULL_20251015T0404Z\2025-10-15T0231Z_KL_gap_closed__open_migration_defaults__KL_gap_open_tauH_only\figures\fig_migration_diagnostics_ease_migration.png","124767","2025-10-15 02:31:07Z","6E890BD94DEBB61A6EED4545A50BDE06761E74E6A6FACC997572FA38CB3C07DA"
"prof_pack_FULL_20251015T0404Z\2025-10-15T0231Z_KL_gap_closed__open_migration_defaults__KL_gap_open_tauH_only\figures\fig_migration_diagnostics_ease_migration_strong.png","125704","2025-10-15 02:31:10Z","D3A60105B444060CD76EA194F0A2EA887F51D7FD74F79FD37198D4A9D4F6DFCC"
"prof_pack_FULL_20251015T0404Z\2025-10-15T0231Z_KL_gap_closed__open_migration_defaults__KL_gap_open_tauH_only\figures\fig_migration_diagnostics_KL_gap_closed__open_migration_defaults__KL_gap_open_tauH_only.png","132072","2025-10-15 02:31:12Z","915FE9BE6427CFF7B098006CC0B2667832615B8E71E05D29425417E8AB990582"
"prof_pack_FULL_20251015T0404Z\2025-10-15T0231Z_KL_gap_closed__open_migration_defaults__KL_gap_open_tauH_only\figures\fig_wage_ratio_KL_gap_closed__open_migration_defaults__KL_gap_open_tauH_only.png","27463","2025-10-15 02:31:10Z","01B1F93352AC5BF7D5ABEA5AD47B8E696BDC7557AF34BD49B21446DDFA076D52"
"prof_pack_FULL_20251015T0404Z\2025-10-15T0231Z_KL_gap_closed__open_migration_defaults__KL_gap_open_tauH_only\results\cs_table.csv","679","2025-10-15 02:31:12Z","99FE8E49444D4DAD47FA4D14910E313ACB7EEFA6CFD4672B575C944F6FD8F645"
"prof_pack_FULL_20251015T0404Z\2025-10-15T0231Z_KL_gap_closed__open_migration_defaults__KL_gap_open_tauH_only\results\run_summary.txt","1216","2025-10-15 02:31:12Z","E343AC0F568832E4AF12A888B43EBB28AC066F33AFB9EF8E7255E75EDC924E2B"
"prof_pack_FULL_20251015T0404Z\2025-10-15T0330Z_KL_gap_closed__open_migration_defaults__KL_gap_open_mu_only\figures\fig_ambiguity_eta-0.30.png","39849","2025-10-15 03:30:24Z","C976CC0E9EDF9B06AC042DB8CC237DE104169BCCE49AA5BACDB96AA7D10A8CBC"
"prof_pack_FULL_20251015T0404Z\2025-10-15T0330Z_KL_gap_closed__open_migration_defaults__KL_gap_open_mu_only\figures\fig_capital_dilution_ease_migration.png","69665","2025-10-15 03:30:19Z","5A8E3892FC8FBA824A2F6EBE0E80C67307FD62DEADAF1B0CE71B598DE153B2E4"
"prof_pack_FULL_20251015T0404Z\2025-10-15T0330Z_KL_gap_closed__open_migration_defaults__KL_gap_open_mu_only\figures\fig_capital_dilution_ease_migration_strong.png","70577","2025-10-15 03:30:21Z","EFA625497D3314CA4D26135683F4A3C74CDD522DFB29F86265FFB351B110C1CE"
"prof_pack_FULL_20251015T0404Z\2025-10-15T0330Z_KL_gap_closed__open_migration_defaults__KL_gap_open_mu_only\figures\fig_capital_dilution_KL_gap_closed__open_migration_defaults__KL_gap_open_mu_only.png","63084","2025-10-15 03:30:18Z","31BA6F724923EC8536DE17B14829EA22A58AF524E34D0628DA3B32FCF1BA1367"
"prof_pack_FULL_20251015T0404Z\2025-10-15T0330Z_KL_gap_closed__open_migration_defaults__KL_gap_open_mu_only\figures\fig_capital_dilution_nD_up.png","63084","2025-10-15 03:30:18Z","31BA6F724923EC8536DE17B14829EA22A58AF524E34D0628DA3B32FCF1BA1367"
"prof_pack_FULL_20251015T0404Z\2025-10-15T0330Z_KL_gap_closed__open_migration_defaults__KL_gap_open_mu_only\figures\fig_capital_dilution_nL_up.png","64005","2025-10-15 03:30:19Z","166AB89669153C5E7B4C884D78A78450F9D359877257F3A7354D4DDCDC4FD2EC"
"prof_pack_FULL_20251015T0404Z\2025-10-15T0330Z_KL_gap_closed__open_migration_defaults__KL_gap_open_mu_only\figures\fig_emissions_ratio_abatement_up.png","81983","2025-10-15 03:30:19Z","5B7E5A247189D888D328227D01D867EC06109A29F5CFA3D1093AF2FA20D24CD8"
"prof_pack_FULL_20251015T0404Z\2025-10-15T0330Z_KL_gap_closed__open_migration_defaults__KL_gap_open_mu_only\figures\fig_emissions_ratio_ease_migration.png","79769","2025-10-15 03:30:19Z","6143E284235C86F3FAD06F7C5C598E8AD8D399BB3D599AA2E2E05D210F76F12C"
"prof_pack_FULL_20251015T0404Z\2025-10-15T0330Z_KL_gap_closed__open_migration_defaults__KL_gap_open_mu_only\figures\fig_emissions_ratio_ease_migration_strong.png","82160","2025-10-15 03:30:22Z","D726D9C688754C6D1DA62A416CD3BB882E36A0E7EA2B1F965E4545AFF4DD10B0"
"prof_pack_FULL_20251015T0404Z\2025-10-15T0330Z_KL_gap_closed__open_migration_defaults__KL_gap_open_mu_only\figures\fig_emissions_ratio_KL_gap_closed__open_migration_defaults__KL_gap_open_mu_only.png","82551","2025-10-15 03:30:18Z","6EF74F6ABB37F815D334FF129FBFDAEA773B31B46759EF5643EA753F99BB4D6F"
"prof_pack_FULL_20251015T0404Z\2025-10-15T0330Z_KL_gap_closed__open_migration_defaults__KL_gap_open_mu_only\figures\fig_emissions_ratio_nD_up.png","82551","2025-10-15 03:30:18Z","6EF74F6ABB37F815D334FF129FBFDAEA773B31B46759EF5643EA753F99BB4D6F"
"prof_pack_FULL_20251015T0404Z\2025-10-15T0330Z_KL_gap_closed__open_migration_defaults__KL_gap_open_mu_only\figures\fig_emissions_ratio_nL_up.png","82308","2025-10-15 03:30:19Z","6DF96A8B6E197B97FD8884E5371E07DE3B0391CC94460B49D905959ADF0C5D29"
"prof_pack_FULL_20251015T0404Z\2025-10-15T0330Z_KL_gap_closed__open_migration_defaults__KL_gap_open_mu_only\figures\fig_migration_diagnostics_ease_migration.png","129574","2025-10-15 03:30:21Z","A7832D41A68461E0213AC62D9C31F6EE0A95E07891D33A13270F280C0CDBD33A"
"prof_pack_FULL_20251015T0404Z\2025-10-15T0330Z_KL_gap_closed__open_migration_defaults__KL_gap_open_mu_only\figures\fig_migration_diagnostics_ease_migration_strong.png","129941","2025-10-15 03:30:24Z","44F15BC9454FFCD223E1C66C1B2743B44299F47DE0F5A8105E2AA5B5C9153C68"
"prof_pack_FULL_20251015T0404Z\2025-10-15T0330Z_KL_gap_closed__open_migration_defaults__KL_gap_open_mu_only\figures\fig_migration_diagnostics_KL_gap_closed__open_migration_defaults__KL_gap_open_mu_only.png","136357","2025-10-15 03:30:26Z","954A82B8B86DA7167FE96D7A852AC3E943B5758646634872299A9E5B91716B80"
"prof_pack_FULL_20251015T0404Z\2025-10-15T0330Z_KL_gap_closed__open_migration_defaults__KL_gap_open_mu_only\figures\fig_wage_ratio_KL_gap_closed__open_migration_defaults__KL_gap_open_mu_only.png","32009","2025-10-15 03:30:24Z","99D1F5C8DA4B5ADB944230445FEF85F13F70BCB4DCF8A60747DE51E723B15E7D"
"prof_pack_FULL_20251015T0404Z\2025-10-15T0330Z_KL_gap_closed__open_migration_defaults__KL_gap_open_mu_only\results\cs_table.csv","676","2025-10-15 03:30:26Z","C78162221E4977D322FCE339E5ADDB078AEBFBABDF82036C0DBA25E168243470"
"prof_pack_FULL_20251015T0404Z\2025-10-15T0330Z_KL_gap_closed__open_migration_defaults__KL_gap_open_mu_only\results\run_summary.txt","1200","2025-10-15 03:30:27Z","D862C8E939F313BC8A9BE9C9DAFC1AC3760A38534FF91F1301B4D44106034150"
"prof_pack_FULL_20251015T0451Z.zip","4251705","2025-10-15 04:52:02Z","E19BF8D0959F8B4FCD3DECB73A62C1BBF1F05752A90376BC648E2808447DB398"
"professor-package\figures\fig_ambiguity_eta-0.5.png","32437","2025-09-29 11:06:13Z","6C5AD7F20C022D555CD69CC5C6A5A7E444D1FACB563030D67F283A4AEC27FBE3"
"professor-package\figures\fig_capital_dilution_nD_up_toggles-off.png","60967","2025-09-29 11:06:11Z","2DB4805CC14FC14BE99314DB0C8B809D01623E293C5B20FBA5A0F010930DD0C0"
"professor-package\figures\fig_capital_dilution_nD_up_toggles-on.png","62560","2025-09-29 11:06:12Z","4801482568067CD46A76F928CB8061286112AAE239297C6CCCB9D3B2233B60CB"
"professor-package\figures\fig_capital_dilution_nL_up_toggles-off.png","61860","2025-09-29 11:06:12Z","0D7F574CD2BD6E0CB589CA5B5636856AA41CB070C9A02779F949331F72400D05"
"professor-package\figures\fig_capital_dilution_nL_up_toggles-on.png","63541","2025-09-29 11:06:13Z","3A430EE8C154CEA68A2D6C4233A23B97028A8478C19E7BFC40A1074D9B106DFD"
"professor-package\figures\fig_emissions_ratio_abatement_up_toggles-off.png","80290","2025-09-29 11:06:12Z","CCE9C35EAFDFBA6052614EFE030911780AB65117D4365A315265939767C106DE"
"professor-package\figures\fig_emissions_ratio_abatement_up_toggles-on.png","82095","2025-09-29 11:06:13Z","966835CF18FBC463E5AEF1F3EA1A39D51C261C65E2542CD4B429E8BC2D292277"
"professor-package\figures\fig_emissions_ratio_ease_migration_toggles-off.png","78544","2025-09-29 11:06:12Z","4AF4919E85140A28D391AA98C1793C207149F1B52CCB2B380186FECACDE20E88"
"professor-package\figures\fig_emissions_ratio_ease_migration_toggles-on.png","80573","2025-09-29 11:06:13Z","DA941FC78CC91CF828812BBB76CB1344FDBB986C81E1C78DF4FD7FA502C9657B"
"professor-package\figures\fig_emissions_ratio_nD_up_toggles-off.png","79717","2025-09-29 11:06:12Z","DB7BFE56D010B269C7955643816A103B911651C032B298EA374C00A2253F4049"
"professor-package\figures\fig_emissions_ratio_nD_up_toggles-on.png","82535","2025-09-29 11:06:13Z","B96933C41AE65668AB48BBCB44B565E10611155EFBDD6F1F942B74D4A7BEC7AC"
"professor-package\figures\fig_emissions_ratio_nL_up_toggles-off.png","82022","2025-09-29 11:06:12Z","929877C33195D5477DB2EAD1D639A76C1B1D5853AE8E992167CBE7795E47CD7E"
"professor-package\figures\fig_emissions_ratio_nL_up_toggles-on.png","78099","2025-09-29 11:06:13Z","031AB2C8249CE1DEFE46B585E4FC4D4F27978FA6C1C15591FCD9B6205B5E223D"
"professor-package\index.html","3134","2025-09-29 11:06:31Z","C709D51C19441CDF5BA195D0566F25DE73A738C9BEA0C7139ED582574A678ECC"
"professor-package\params.yaml","1569","2025-09-29 01:59:32Z","38A6C169E137380A76DD879AC35712C1D2182030A666260AD16A7618C6623CA3"
"professor-package\results\cs_table_combined.csv","917","2025-09-29 10:52:15Z","F9DA37FA5444FE893777D8DDD25D3BD0555C6CB1BB15AEE83E1357228AF01BB5"
"professor-package\results\cs_table_off.csv","480","2025-09-29 11:06:13Z","A95CF02685A9E4B369C9574CB22AA275FAC5FA1A4EE6DB02849338BDC8CA8B16"
"professor-package\results\cs_table_on.csv","478","2025-09-29 11:06:13Z","246D4CE04367D9247172E022EDD2C7AA0211A4D4A9D89A6C6A2EE784FA947599"
"professor-package\results\experiments_summary.csv","3199","2025-09-29 10:52:14Z","1A0DBB266EDCB1A035804450693A526B77370FE9A0BD795C63178AC833FDC6BE"
"professor-package\results\table_cs_combined.csv","878","2025-09-28 16:20:48Z","6FEDB64F5DF9B181812880CD22F80137D7E904FE58B99925A186FA2005274798"
"professor-package\results\table_cs_off.csv","393","2025-09-28 16:20:48Z","2D7296896082A77A33BEBA3C9F05220D1B905AAC512BF96C479EB4A3B2F50E5C"
"professor-package\results\table_cs_on.csv","393","2025-09-28 16:20:48Z","2D7296896082A77A33BEBA3C9F05220D1B905AAC512BF96C479EB4A3B2F50E5C"
"professor-package\run_summary.txt","280","2025-09-29 11:06:13Z","CB07646B8526939BE3E159840473D71CA7826ACF22B3DADF187768350B8BD7D5"
"pytest.ini","242","2025-10-14 22:47:51Z","898D310BC10B97B5472BEB1FE721D20B4A98C1AF92A3272E0CDA7009AE923EE7"
"README.md","6488","2025-10-10 00:32:10Z","B83615DB1E2302B3C3B56301C3254CD0DA5D167F290E4E54FA4E19BBDACFBC67"
"requirements.txt","2075","2025-10-08 01:10:05Z","95FDC49EA022125FF1B210C40B1D346BC8F632530ABBAF0047288B720F6A9B59"
"results\cs_table.csv","519","2025-10-16 21:46:26Z","E6F5B7C154700CBD563CAB8597939C390044F487A3EB051659BC0DC33CEC2414"
"results\run_summary.txt","275","2025-10-16 21:46:26Z","80946EAD522FD0B1FD3F4590F35CD1E211C90CF0F213EC6801E919E2C3389E46"
"run_scenarios.py","15801","2025-10-14 23:09:00Z","FA2D046368F10F15AE0380C5D978DA4AC6336AC866BFE690A265D54BCC6834B5"
"runs\2025-10-16T2139Z_KL_gap_closed__open_migration_defaults__KL_gap_open_mu_only\figures\fig_ambiguity_eta-0.30.png","36755","2025-10-16 21:39:23Z","2642A76E6798F7EDBEEAA3164DED985BFBE1CC70B4A7210779CC2987B0DB5D83"
"runs\2025-10-16T2139Z_KL_gap_closed__open_migration_defaults__KL_gap_open_mu_only\figures\fig_capital_dilution_ease_migration.png","65205","2025-10-16 21:39:22Z","971248292DDCB150CEB7196630929A89103F73F0FBAEC2B339A4BEB14090D39F"
"runs\2025-10-16T2139Z_KL_gap_closed__open_migration_defaults__KL_gap_open_mu_only\figures\fig_capital_dilution_ease_migration_strong.png","65839","2025-10-16 21:39:23Z","BE1EA39CA9B64B7CC69B5DD80019FE8A1A45355A248A1DF7FADCAD1261E1F779"
"runs\2025-10-16T2139Z_KL_gap_closed__open_migration_defaults__KL_gap_open_mu_only\figures\fig_capital_dilution_KL_gap_closed__open_migration_defaults__KL_gap_open_mu_only.png","59160","2025-10-16 21:39:21Z","60395EC54F97B7E34F012CEEBC4D0B9338302E8D05DD579251540900DC1B73E8"
"runs\2025-10-16T2139Z_KL_gap_closed__open_migration_defaults__KL_gap_open_mu_only\figures\fig_capital_dilution_nD_up.png","59160","2025-10-16 21:39:21Z","60395EC54F97B7E34F012CEEBC4D0B9338302E8D05DD579251540900DC1B73E8"
"runs\2025-10-16T2139Z_KL_gap_closed__open_migration_defaults__KL_gap_open_mu_only\figures\fig_capital_dilution_nL_up.png","60046","2025-10-16 21:39:22Z","AAE71BC15C436193D9B78FA8A99D355B8B7E0F6D498D3C6877A2F6B0BAEB69BE"
"runs\2025-10-16T2139Z_KL_gap_closed__open_migration_defaults__KL_gap_open_mu_only\figures\fig_emissions_ratio_abatement_up.png","76438","2025-10-16 21:39:22Z","FC82A9B9036B6B5190528750909569630BEEC0F24809F4FBEEEF8A28ADEF2D3B"
"runs\2025-10-16T2139Z_KL_gap_closed__open_migration_defaults__KL_gap_open_mu_only\figures\fig_emissions_ratio_ease_migration.png","74652","2025-10-16 21:39:22Z","9601EE9E882DC6F4207BC599ECCFBD2D4124DA8EFFE8B2D38693F1FB4A8A6BE6"
"runs\2025-10-16T2139Z_KL_gap_closed__open_migration_defaults__KL_gap_open_mu_only\figures\fig_emissions_ratio_ease_migration_strong.png","76672","2025-10-16 21:39:23Z","35E5E5695FFC2F84CB9BC1C511901E704325AA875A8D6DE537BB077E734CDB5E"
"runs\2025-10-16T2139Z_KL_gap_closed__open_migration_defaults__KL_gap_open_mu_only\figures\fig_emissions_ratio_KL_gap_closed__open_migration_defaults__KL_gap_open_mu_only.png","76758","2025-10-16 21:39:21Z","FCA77E6EE59102D1600E713428A3D2EC24AC5E6333FF90AE0B755CB928F292C8"
"runs\2025-10-16T2139Z_KL_gap_closed__open_migration_defaults__KL_gap_open_mu_only\figures\fig_emissions_ratio_nD_up.png","76758","2025-10-16 21:39:21Z","FCA77E6EE59102D1600E713428A3D2EC24AC5E6333FF90AE0B755CB928F292C8"
"runs\2025-10-16T2139Z_KL_gap_closed__open_migration_defaults__KL_gap_open_mu_only\figures\fig_emissions_ratio_nL_up.png","76625","2025-10-16 21:39:22Z","E8F0441CF42770CAE28877668C8F709DFA9938F54DEC4B49B83B9DF4FFF116BC"
"runs\2025-10-16T2139Z_KL_gap_closed__open_migration_defaults__KL_gap_open_mu_only\figures\fig_migration_diagnostics_ease_migration.png","121105","2025-10-16 21:39:23Z","FDA81A521950FB9455076DDF859CD6262EA55456DFE34E1AEAA4A5C3D3E01094"
"runs\2025-10-16T2139Z_KL_gap_closed__open_migration_defaults__KL_gap_open_mu_only\figures\fig_migration_diagnostics_ease_migration_strong.png","121016","2025-10-16 21:39:23Z","6CB05EA463319925D10576F7627D05685DC2226888667CDB2E508193B6208919"
"runs\2025-10-16T2139Z_KL_gap_closed__open_migration_defaults__KL_gap_open_mu_only\figures\fig_migration_diagnostics_KL_gap_closed__open_migration_defaults__KL_gap_open_mu_only.png","126702","2025-10-16 21:39:24Z","9A163FF8432342AE876F8F5E0A9A1D10E32D1A8EA5C462BA0C270127D6962C77"
"runs\2025-10-16T2139Z_KL_gap_closed__open_migration_defaults__KL_gap_open_mu_only\figures\fig_wage_ratio_KL_gap_closed__open_migration_defaults__KL_gap_open_mu_only.png","29979","2025-10-16 21:39:23Z","03BCEC6F384524666B4B1673E570C8A39264AAA8B023648CC0CCED6875BDDDB7"
"runs\2025-10-16T2139Z_KL_gap_closed__open_migration_defaults__KL_gap_open_mu_only\results\cs_table.csv","676","2025-10-16 21:39:24Z","C78162221E4977D322FCE339E5ADDB078AEBFBABDF82036C0DBA25E168243470"
"runs\2025-10-16T2139Z_KL_gap_closed__open_migration_defaults__KL_gap_open_mu_only\results\run_summary.txt","1200","2025-10-16 21:39:24Z","4C14F350393E7B51FF95B34EA3B780185FD180C22B1AE1E9E092C6ADB6327DDD"
"runs\2025-10-16T2139Z_KL_gap_closed__open_migration_defaults__KL_gap_open_mu_only\run_summary.txt","1445","2025-10-16 21:39:24Z","1AC46A762116F51BAD0FDE1A4DC02D867BBD07C29FCD5846A7EC801AEB0F0546"
"runs\2025-10-16T2146Z_fertility_gap_L__KL_gap_closed__KL_gap_open_mu_only__KL_gap_open_tauH_only__open_migration_defaults__symmetric_baseline_closed\figures\fig_ambiguity_eta-0.30.png","36755","2025-10-16 21:46:25Z","2642A76E6798F7EDBEEAA3164DED985BFBE1CC70B4A7210779CC2987B0DB5D83"
"runs\2025-10-16T2146Z_fertility_gap_L__KL_gap_closed__KL_gap_open_mu_only__KL_gap_open_tauH_only__open_migration_defaults__symmetric_baseline_closed\figures\fig_capital_dilution_ease_migration.png","57717","2025-10-16 21:46:24Z","53BE589C3236353BEFC31E663020FE8660B634573CEED1550F7822C7EBD8B917"
"runs\2025-10-16T2146Z_fertility_gap_L__KL_gap_closed__KL_gap_open_mu_only__KL_gap_open_tauH_only__open_migration_defaults__symmetric_baseline_closed\figures\fig_capital_dilution_ease_migration_strong.png","58941","2025-10-16 21:46:24Z","B0AC7A100759B09F2195BF819EA688CEE98F966D8F0EF1A38AC78EE0AB017D72"
"scenarios\.ipynb_checkpoints\fertility_gap_L-checkpoint.yaml","72","2025-10-14 17:51:24Z","B709E034B9511D493B873FA79DEA1477EA8A4680B2E5FC819F998B49BCED10E0"
"scenarios\.ipynb_checkpoints\KL_gap_closed-checkpoint.yaml","381","2025-10-14 18:16:34Z","76F867BADD8D3E1DC0F4C59BD14CDC666584A56D44E1170CB9B63938149A1AA4"
"scenarios\.ipynb_checkpoints\KL_gap_open_mu_only-checkpoint.yaml","105","2025-10-14 17:51:00Z","7498A0F2627EE191265D6C17460B65B92F0FEF16B83F8139329A778187497518"
"scenarios\.ipynb_checkpoints\KL_gap_open_tauH_only-checkpoint.yaml","108","2025-10-14 17:51:10Z","97EF389015DEA63296CF839E4F38757568C4BAD02BBC7F0257DA03CCA87711D1"
"scenarios\.ipynb_checkpoints\open_migration_defaults-checkpoint.yaml","127","2025-10-14 17:50:48Z","8A582041B6C84E94F28923C0AB35419746CE3436FEE5664AD7644242FA2ED8E4"
"scenarios\.ipynb_checkpoints\symmetric_baseline_closed-checkpoint.yaml","430","2025-10-14 18:16:34Z","1CDF96BB1AC3F0E8807D7F2452E74B09F6C71D89D582116D76974B6A18E03F09"
"scenarios\fertility_gap_L.yaml","72","2025-10-14 17:51:24Z","B709E034B9511D493B873FA79DEA1477EA8A4680B2E5FC819F998B49BCED10E0"
"scenarios\KL_gap_closed.yaml","381","2025-10-14 18:16:34Z","76F867BADD8D3E1DC0F4C59BD14CDC666584A56D44E1170CB9B63938149A1AA4"
"scenarios\KL_gap_open_mu_only.yaml","105","2025-10-14 17:51:00Z","7498A0F2627EE191265D6C17460B65B92F0FEF16B83F8139329A778187497518"
"scenarios\KL_gap_open_tauH_only.yaml","108","2025-10-14 17:51:10Z","97EF389015DEA63296CF839E4F38757568C4BAD02BBC7F0257DA03CCA87711D1"
"scenarios\open_migration_defaults.yaml","127","2025-10-14 17:50:48Z","8A582041B6C84E94F28923C0AB35419746CE3436FEE5664AD7644242FA2ED8E4"
"scenarios\symmetric_baseline_closed.yaml","430","2025-10-14 18:16:34Z","1CDF96BB1AC3F0E8807D7F2452E74B09F6C71D89D582116D76974B6A18E03F09"
"scripts\__init__.py","0","2025-10-10 01:49:29Z","E3B0C44298FC1C149AFBF4C8996FB92427AE41E4649B934CA495991B7852B855"
"scripts\sweep_ease_migration.py","2706","2025-10-10 01:53:07Z","A1E96A84A60084108BACF73AA5C08E67CF9E78CACD06FB21E5BC1AB7059351E4"
"tests\__init__.py","0","2025-10-10 00:32:11Z","E3B0C44298FC1C149AFBF4C8996FB92427AE41E4649B934CA495991B7852B855"
"tests\__pycache__\__init__.cpython-311.pyc","158","2025-10-16 19:41:14Z","056B25C4891C235C299E3DACEF0EB2583C5EEE61952CFEAF7F0F3A24A0B76A34"
"tests\__pycache__\conftest.cpython-311-pytest-8.4.2.pyc","1440","2025-10-16 19:41:14Z","5D90927008E44ADB67BB10BCAB8E4DF9552695CFE7765BA6A0DC73159DBBD52B"
"tests\__pycache__\test_canonicals.cpython-311-pytest-8.4.2.pyc","4413","2025-10-16 19:41:14Z","64148D13E0D1D36FC05EE3380F9B7B324537E8904AFA8D494ABEA758CD4807D4"
"tests\__pycache__\test_one_knob_guard.cpython-311-pytest-8.4.2.pyc","2784","2025-10-16 19:41:15Z","4709008D3246F43B56FBE475BC030C4380B3A37FB6DEFE8E1AF8FBEEB9D848EB"
"tests\__pycache__\test_progression_optional_strict.cpython-311-pytest-8.4.2.pyc","6781","2025-10-16 19:41:15Z","AFEB32CAD409897C4F1783C472C81C6A4ED4549AF474B931A16F892AC4E609B6"
"tests\__pycache__\test_progression_scenarios.cpython-311-pytest-8.4.2.pyc","31638","2025-10-16 19:41:21Z","E6850227C450A28EA7B9371839D259E106C371BB3D0AED90B3BEDA3D4FAD0897"
"tests\__pycache__\test_simulation.cpython-311-pytest-8.4.2.pyc","11129","2025-10-16 19:41:21Z","3C87EC675B68A64DC68A848240D719204A90C1D9FE12FDDF99559DD8896E2CB3"
"tests\__pycache__\test_theory.cpython-311-pytest-8.4.2.pyc","18199","2025-10-16 19:41:21Z","55325C682F4EC98D672895FE3F1EF0382AEE61144C7DBCBD9141F67A6E0498B3"
"tests\conftest.py","556","2025-10-10 00:32:11Z","E3A99DE4D5FD490BA8FB68017001CED033DCE2EF28920267BD882471F6A0D87E"
"tests\test_canonicals.py","781","2025-10-14 21:46:08Z","2309FBA68F5331B3EBAD7EEEB9501A49AB708BB1C8D920A8B777AD8B8D2220E2"
"tests\test_one_knob_guard.py","947","2025-10-14 22:18:05Z","CB4F2C8E048E375CC8C832CD67AE48A8893A58D765078C206BE85587A346A679"
"tests\test_progression_optional_strict.py","1871","2025-10-14 22:48:34Z","671D0CE096E03E54FF971842FF016943CADCB98682930F09220C559BF9C23093"
"tests\test_progression_scenarios.py","7503","2025-10-14 22:43:51Z","9F20E3E18AB18B0721692A9345919651BA53DCFFF064EBB9ED3808AC83F60502"
"tests\test_simulation.py","2473","2025-10-10 00:32:11Z","B1FE6FA71C382D0073E0D1CC27DB7BE10A57AF6BB1B55A9B2700DA065FA0A42D"
"tests\test_theory.py","3572","2025-10-12 01:03:09Z","4659E8D712DE61EE3E37A89C9ED8723CC577A8A73B2BC083CF62C0E9AC7F362A"
"thesis-toy-model.zip","1385320","2025-10-16 19:02:13Z","2F960908F449A6AE61CB9141C3613455FFBAA7E1B836FDA1EE2C6D45657386BE"
"tools\csv_to_tex.py","984","2025-09-28 17:34:27Z","6EFDB44909CD9EDD72B0FCD5F5B8CDD2D0B6A301622CF720554E0CAA0C47D123"
"Untitled.ipynb","2254","2025-10-14 23:04:33Z","E43C345F6534BBC82A7BB0A1EB9A77AC9073D9548D7541AC6E56C3B63848FB36"
"viz\__init__.py","61","2025-09-29 01:59:32Z","39E1273033B2D6D090E1B4AA0496FE8D3AA1CBDF2C5E73A83FC3A903036AE2D6"
"viz\__pycache__\__init__.cpython-311.pyc","227","2025-10-16 19:41:22Z","BB398527FA61122B461F2C447A7ABDBB59E0A1AD9109699B814B55D4ECBA8CAC"
"viz\__pycache__\__init__.cpython-313.pyc","216","2025-10-15 04:51:09Z","4AEF8E2438DEFCE5170326B457150421E9AC07D2332787DF709D8EE8F23A662D"
"viz\__pycache__\diagnostics.cpython-311.pyc","4196","2025-10-16 19:41:24Z","EBBE5FB39BE1078664E2618B0EB1E64FEECE9C81498CCC1BC59DCFFD4B1E4A4D"
"viz\__pycache__\diagnostics.cpython-313.pyc","3771","2025-10-15 04:51:10Z","5140B6917790537FFCA5EAA88DD1AB7033D5272D2235D79985D7EEDBA3A02078"
"viz\__pycache__\plots.cpython-311.pyc","13976","2025-10-16 19:41:22Z","EB9F1132C3ACE01C769E1A29F2803592B444F3A133C8830C0F0044DEE2A49852"
"viz\__pycache__\plots.cpython-313.pyc","12664","2025-10-15 04:51:09Z","68C815807041837671325145E479878AB8A97EA03622BB40A650DD14F60C5443"
"viz\__pycache__\tables.cpython-311.pyc","9358","2025-10-16 19:41:24Z","553122936898F48912E33AF9E7F2BC621BF13668F4317AAECBBD4B34BC958FC4"
"viz\__pycache__\tables.cpython-313.pyc","8294","2025-10-15 04:51:10Z","B31DA36EA1FA45B1E0F91EDE99FED0213D1E32D2088A46A2AA44E0A0D6EBF109"
"viz\diagnostics.py","2032","2025-10-10 00:58:41Z","B98CF50A24A135BCDADCA4D70CE70B0707770499B5FEFAB80EDC4038A36C616D"
"viz\plots.py","9305","2025-10-12 01:16:57Z","6019BF1E628DEED313919465F06FBF384DC759BE4D3212DB381CBB8C12B8C5D0"
"viz\tables.py","7077","2025-10-12 00:53:04Z","752D882BB2972164543C119FC61FB4E4A939779FA7E1C0C11CEF50E641833333"
